feed_event_id,timestamp,agent_id,provider_id,event_type,delay_minutes,reported_balance
FEED-00001,2026-06-20T09:00:00+06:00,AG001,BKASH,HEARTBEAT,0,
FEED-00029,2026-06-20T09:00:00+06:00,AG001,NAGAD,HEARTBEAT,0,
FEED-00057,2026-06-20T09:00:00+06:00,AG001,ROCKET,HEARTBEAT,0,
FEED-00085,2026-06-20T09:00:00+06:00,AG002,BKASH,HEARTBEAT,0,
FEED-00113,2026-06-20T09:00:00+06:00,AG002,NAGAD,HEARTBEAT,0,
FEED-00141,2026-06-20T09:00:00+06:00,AG002,ROCKET,HEARTBEAT,0,
FEED-00169,2026-06-20T09:00:00+06:00,AG003,BKASH,HEARTBEAT,0,
FEED-00197,2026-06-20T09:00:00+06:00,AG003,NAGAD,HEARTBEAT,0,
FEED-00225,2026-06-20T09:00:00+06:00,AG003,ROCKET,HEARTBEAT,0,
FEED-00253,2026-06-20T09:00:00+06:00,AG004,BKASH,HEARTBEAT,0,
FEED-00281,2026-06-20T09:00:00+06:00,AG004,NAGAD,HEARTBEAT,0,
FEED-00309,2026-06-20T09:00:00+06:00,AG004,ROCKET,HEARTBEAT,0,
FEED-00337,2026-06-20T09:00:00+06:00,AG005,BKASH,HEARTBEAT,0,
FEED-00365,2026-06-20T09:00:00+06:00,AG005,NAGAD,HEARTBEAT,0,
FEED-00393,2026-06-20T09:00:00+06:00,AG005,ROCKET,HEARTBEAT,0,
FEED-00419,2026-06-20T09:00:00+06:00,AG006,BKASH,HEARTBEAT,0,
FEED-00447,2026-06-20T09:00:00+06:00,AG006,NAGAD,HEARTBEAT,0,
FEED-00475,2026-06-20T09:00:00+06:00,AG006,ROCKET,HEARTBEAT,0,
FEED-00002,2026-06-20T09:20:00+06:00,AG001,BKASH,HEARTBEAT,0,
FEED-00030,2026-06-20T09:20:00+06:00,AG001,NAGAD,HEARTBEAT,0,
FEED-00058,2026-06-20T09:20:00+06:00,AG001,ROCKET,HEARTBEAT,0,
FEED-00086,2026-06-20T09:20:00+06:00,AG002,BKASH,HEARTBEAT,0,
FEED-00114,2026-06-20T09:20:00+06:00,AG002,NAGAD,HEARTBEAT,0,
FEED-00142,2026-06-20T09:20:00+06:00,AG002,ROCKET,HEARTBEAT,0,
FEED-00170,2026-06-20T09:20:00+06:00,AG003,BKASH,HEARTBEAT,0,
FEED-00198,2026-06-20T09:20:00+06:00,AG003,NAGAD,HEARTBEAT,0,
FEED-00226,2026-06-20T09:20:00+06:00,AG003,ROCKET,HEARTBEAT,0,
FEED-00254,2026-06-20T09:20:00+06:00,AG004,BKASH,HEARTBEAT,0,
FEED-00282,2026-06-20T09:20:00+06:00,AG004,NAGAD,HEARTBEAT,0,
FEED-00310,2026-06-20T09:20:00+06:00,AG004,ROCKET,HEARTBEAT,0,
FEED-00338,2026-06-20T09:20:00+06:00,AG005,BKASH,HEARTBEAT,0,
FEED-00366,2026-06-20T09:20:00+06:00,AG005,NAGAD,HEARTBEAT,0,
FEED-00394,2026-06-20T09:20:00+06:00,AG005,ROCKET,HEARTBEAT,0,
FEED-00420,2026-06-20T09:20:00+06:00,AG006,BKASH,HEARTBEAT,0,
FEED-00448,2026-06-20T09:20:00+06:00,AG006,NAGAD,HEARTBEAT,0,
FEED-00476,2026-06-20T09:20:00+06:00,AG006,ROCKET,HEARTBEAT,0,
FEED-00003,2026-06-20T09:40:00+06:00,AG001,BKASH,HEARTBEAT,0,
FEED-00031,2026-06-20T09:40:00+06:00,AG001,NAGAD,HEARTBEAT,0,
FEED-00059,2026-06-20T09:40:00+06:00,AG001,ROCKET,HEARTBEAT,0,
FEED-00087,2026-06-20T09:40:00+06:00,AG002,BKASH,HEARTBEAT,0,
FEED-00115,2026-06-20T09:40:00+06:00,AG002,NAGAD,HEARTBEAT,0,
FEED-00143,2026-06-20T09:40:00+06:00,AG002,ROCKET,HEARTBEAT,0,
FEED-00171,2026-06-20T09:40:00+06:00,AG003,BKASH,HEARTBEAT,0,
FEED-00199,2026-06-20T09:40:00+06:00,AG003,NAGAD,HEARTBEAT,0,
FEED-00227,2026-06-20T09:40:00+06:00,AG003,ROCKET,HEARTBEAT,0,
FEED-00255,2026-06-20T09:40:00+06:00,AG004,BKASH,HEARTBEAT,0,
FEED-00283,2026-06-20T09:40:00+06:00,AG004,NAGAD,HEARTBEAT,0,
FEED-00311,2026-06-20T09:40:00+06:00,AG004,ROCKET,HEARTBEAT,0,
FEED-00339,2026-06-20T09:40:00+06:00,AG005,BKASH,HEARTBEAT,0,
FEED-00367,2026-06-20T09:40:00+06:00,AG005,NAGAD,HEARTBEAT,0,
FEED-00395,2026-06-20T09:40:00+06:00,AG005,ROCKET,HEARTBEAT,0,
FEED-00421,2026-06-20T09:40:00+06:00,AG006,BKASH,HEARTBEAT,0,
FEED-00449,2026-06-20T09:40:00+06:00,AG006,NAGAD,HEARTBEAT,0,
FEED-00477,2026-06-20T09:40:00+06:00,AG006,ROCKET,HEARTBEAT,0,
FEED-00004,2026-06-20T10:00:00+06:00,AG001,BKASH,HEARTBEAT,0,
FEED-00032,2026-06-20T10:00:00+06:00,AG001,NAGAD,HEARTBEAT,0,
FEED-00060,2026-06-20T10:00:00+06:00,AG001,ROCKET,HEARTBEAT,0,
FEED-00088,2026-06-20T10:00:00+06:00,AG002,BKASH,HEARTBEAT,0,
FEED-00116,2026-06-20T10:00:00+06:00,AG002,NAGAD,HEARTBEAT,0,
FEED-00144,2026-06-20T10:00:00+06:00,AG002,ROCKET,HEARTBEAT,0,
FEED-00172,2026-06-20T10:00:00+06:00,AG003,BKASH,HEARTBEAT,0,
FEED-00200,2026-06-20T10:00:00+06:00,AG003,NAGAD,HEARTBEAT,0,
FEED-00228,2026-06-20T10:00:00+06:00,AG003,ROCKET,HEARTBEAT,0,
FEED-00256,2026-06-20T10:00:00+06:00,AG004,BKASH,HEARTBEAT,0,
FEED-00284,2026-06-20T10:00:00+06:00,AG004,NAGAD,HEARTBEAT,0,
FEED-00312,2026-06-20T10:00:00+06:00,AG004,ROCKET,HEARTBEAT,0,
FEED-00340,2026-06-20T10:00:00+06:00,AG005,BKASH,HEARTBEAT,0,
FEED-00368,2026-06-20T10:00:00+06:00,AG005,NAGAD,HEARTBEAT,0,
FEED-00396,2026-06-20T10:00:00+06:00,AG005,ROCKET,HEARTBEAT,0,
FEED-00422,2026-06-20T10:00:00+06:00,AG006,BKASH,HEARTBEAT,0,
FEED-00450,2026-06-20T10:00:00+06:00,AG006,NAGAD,HEARTBEAT,0,
FEED-00478,2026-06-20T10:00:00+06:00,AG006,ROCKET,HEARTBEAT,0,
FEED-00005,2026-06-20T10:20:00+06:00,AG001,BKASH,HEARTBEAT,0,
FEED-00033,2026-06-20T10:20:00+06:00,AG001,NAGAD,HEARTBEAT,0,
FEED-00061,2026-06-20T10:20:00+06:00,AG001,ROCKET,HEARTBEAT,0,
FEED-00089,2026-06-20T10:20:00+06:00,AG002,BKASH,HEARTBEAT,0,
FEED-00117,2026-06-20T10:20:00+06:00,AG002,NAGAD,HEARTBEAT,0,
FEED-00145,2026-06-20T10:20:00+06:00,AG002,ROCKET,HEARTBEAT,0,
FEED-00173,2026-06-20T10:20:00+06:00,AG003,BKASH,HEARTBEAT,0,
FEED-00201,2026-06-20T10:20:00+06:00,AG003,NAGAD,HEARTBEAT,0,
FEED-00229,2026-06-20T10:20:00+06:00,AG003,ROCKET,HEARTBEAT,0,
FEED-00257,2026-06-20T10:20:00+06:00,AG004,BKASH,HEARTBEAT,0,
FEED-00285,2026-06-20T10:20:00+06:00,AG004,NAGAD,HEARTBEAT,0,
FEED-00313,2026-06-20T10:20:00+06:00,AG004,ROCKET,HEARTBEAT,0,
FEED-00341,2026-06-20T10:20:00+06:00,AG005,BKASH,HEARTBEAT,0,
FEED-00369,2026-06-20T10:20:00+06:00,AG005,NAGAD,HEARTBEAT,0,
FEED-00397,2026-06-20T10:20:00+06:00,AG005,ROCKET,HEARTBEAT,0,
FEED-00423,2026-06-20T10:20:00+06:00,AG006,BKASH,HEARTBEAT,0,
FEED-00451,2026-06-20T10:20:00+06:00,AG006,NAGAD,HEARTBEAT,0,
FEED-00479,2026-06-20T10:20:00+06:00,AG006,ROCKET,HEARTBEAT,0,
FEED-00006,2026-06-20T10:40:00+06:00,AG001,BKASH,HEARTBEAT,0,
FEED-00034,2026-06-20T10:40:00+06:00,AG001,NAGAD,HEARTBEAT,0,
FEED-00062,2026-06-20T10:40:00+06:00,AG001,ROCKET,HEARTBEAT,0,
FEED-00090,2026-06-20T10:40:00+06:00,AG002,BKASH,HEARTBEAT,0,
FEED-00118,2026-06-20T10:40:00+06:00,AG002,NAGAD,HEARTBEAT,0,
FEED-00146,2026-06-20T10:40:00+06:00,AG002,ROCKET,HEARTBEAT,0,
FEED-00174,2026-06-20T10:40:00+06:00,AG003,BKASH,HEARTBEAT,0,
FEED-00202,2026-06-20T10:40:00+06:00,AG003,NAGAD,HEARTBEAT,0,
FEED-00230,2026-06-20T10:40:00+06:00,AG003,ROCKET,HEARTBEAT,0,
FEED-00258,2026-06-20T10:40:00+06:00,AG004,BKASH,HEARTBEAT,0,
FEED-00286,2026-06-20T10:40:00+06:00,AG004,NAGAD,HEARTBEAT,0,
FEED-00314,2026-06-20T10:40:00+06:00,AG004,ROCKET,HEARTBEAT,0,
FEED-00342,2026-06-20T10:40:00+06:00,AG005,BKASH,HEARTBEAT,0,
FEED-00370,2026-06-20T10:40:00+06:00,AG005,NAGAD,HEARTBEAT,0,
FEED-00398,2026-06-20T10:40:00+06:00,AG005,ROCKET,HEARTBEAT,0,
FEED-00424,2026-06-20T10:40:00+06:00,AG006,BKASH,HEARTBEAT,0,
FEED-00452,2026-06-20T10:40:00+06:00,AG006,NAGAD,HEARTBEAT,0,
FEED-00480,2026-06-20T10:40:00+06:00,AG006,ROCKET,HEARTBEAT,0,
FEED-00007,2026-06-20T11:00:00+06:00,AG001,BKASH,HEARTBEAT,0,
FEED-00035,2026-06-20T11:00:00+06:00,AG001,NAGAD,HEARTBEAT,0,
FEED-00063,2026-06-20T11:00:00+06:00,AG001,ROCKET,HEARTBEAT,0,
FEED-00091,2026-06-20T11:00:00+06:00,AG002,BKASH,HEARTBEAT,0,
FEED-00119,2026-06-20T11:00:00+06:00,AG002,NAGAD,HEARTBEAT,0,
FEED-00147,2026-06-20T11:00:00+06:00,AG002,ROCKET,HEARTBEAT,0,
FEED-00175,2026-06-20T11:00:00+06:00,AG003,BKASH,HEARTBEAT,0,
FEED-00203,2026-06-20T11:00:00+06:00,AG003,NAGAD,HEARTBEAT,0,
FEED-00231,2026-06-20T11:00:00+06:00,AG003,ROCKET,HEARTBEAT,0,
FEED-00259,2026-06-20T11:00:00+06:00,AG004,BKASH,HEARTBEAT,0,
FEED-00287,2026-06-20T11:00:00+06:00,AG004,NAGAD,HEARTBEAT,0,
FEED-00315,2026-06-20T11:00:00+06:00,AG004,ROCKET,HEARTBEAT,0,
FEED-00343,2026-06-20T11:00:00+06:00,AG005,BKASH,HEARTBEAT,0,
FEED-00371,2026-06-20T11:00:00+06:00,AG005,NAGAD,HEARTBEAT,0,
FEED-00399,2026-06-20T11:00:00+06:00,AG005,ROCKET,HEARTBEAT,0,
FEED-00425,2026-06-20T11:00:00+06:00,AG006,BKASH,HEARTBEAT,0,
FEED-00453,2026-06-20T11:00:00+06:00,AG006,NAGAD,HEARTBEAT,0,
FEED-00481,2026-06-20T11:00:00+06:00,AG006,ROCKET,HEARTBEAT,0,
FEED-00008,2026-06-20T11:20:00+06:00,AG001,BKASH,HEARTBEAT,0,
FEED-00036,2026-06-20T11:20:00+06:00,AG001,NAGAD,HEARTBEAT,0,
FEED-00064,2026-06-20T11:20:00+06:00,AG001,ROCKET,HEARTBEAT,0,
FEED-00092,2026-06-20T11:20:00+06:00,AG002,BKASH,HEARTBEAT,0,
FEED-00120,2026-06-20T11:20:00+06:00,AG002,NAGAD,HEARTBEAT,0,
FEED-00148,2026-06-20T11:20:00+06:00,AG002,ROCKET,HEARTBEAT,0,
FEED-00176,2026-06-20T11:20:00+06:00,AG003,BKASH,HEARTBEAT,0,
FEED-00204,2026-06-20T11:20:00+06:00,AG003,NAGAD,HEARTBEAT,0,
FEED-00232,2026-06-20T11:20:00+06:00,AG003,ROCKET,HEARTBEAT,0,
FEED-00260,2026-06-20T11:20:00+06:00,AG004,BKASH,HEARTBEAT,0,
FEED-00288,2026-06-20T11:20:00+06:00,AG004,NAGAD,HEARTBEAT,0,
FEED-00316,2026-06-20T11:20:00+06:00,AG004,ROCKET,HEARTBEAT,0,
FEED-00344,2026-06-20T11:20:00+06:00,AG005,BKASH,HEARTBEAT,0,
FEED-00372,2026-06-20T11:20:00+06:00,AG005,NAGAD,HEARTBEAT,0,
FEED-00400,2026-06-20T11:20:00+06:00,AG005,ROCKET,HEARTBEAT,0,
FEED-00426,2026-06-20T11:20:00+06:00,AG006,BKASH,HEARTBEAT,0,
FEED-00454,2026-06-20T11:20:00+06:00,AG006,NAGAD,HEARTBEAT,0,
FEED-00482,2026-06-20T11:20:00+06:00,AG006,ROCKET,HEARTBEAT,0,
FEED-00009,2026-06-20T11:40:00+06:00,AG001,BKASH,HEARTBEAT,0,
FEED-00037,2026-06-20T11:40:00+06:00,AG001,NAGAD,HEARTBEAT,0,
FEED-00065,2026-06-20T11:40:00+06:00,AG001,ROCKET,HEARTBEAT,0,
FEED-00093,2026-06-20T11:40:00+06:00,AG002,BKASH,HEARTBEAT,0,
FEED-00121,2026-06-20T11:40:00+06:00,AG002,NAGAD,HEARTBEAT,0,
FEED-00149,2026-06-20T11:40:00+06:00,AG002,ROCKET,HEARTBEAT,0,
FEED-00177,2026-06-20T11:40:00+06:00,AG003,BKASH,HEARTBEAT,0,
FEED-00205,2026-06-20T11:40:00+06:00,AG003,NAGAD,HEARTBEAT,0,
FEED-00233,2026-06-20T11:40:00+06:00,AG003,ROCKET,HEARTBEAT,0,
FEED-00261,2026-06-20T11:40:00+06:00,AG004,BKASH,HEARTBEAT,0,
FEED-00289,2026-06-20T11:40:00+06:00,AG004,NAGAD,HEARTBEAT,0,
FEED-00317,2026-06-20T11:40:00+06:00,AG004,ROCKET,HEARTBEAT,0,
FEED-00345,2026-06-20T11:40:00+06:00,AG005,BKASH,HEARTBEAT,0,
FEED-00373,2026-06-20T11:40:00+06:00,AG005,NAGAD,HEARTBEAT,0,
FEED-00401,2026-06-20T11:40:00+06:00,AG005,ROCKET,HEARTBEAT,0,
FEED-00427,2026-06-20T11:40:00+06:00,AG006,BKASH,HEARTBEAT,0,
FEED-00455,2026-06-20T11:40:00+06:00,AG006,NAGAD,HEARTBEAT,0,
FEED-00483,2026-06-20T11:40:00+06:00,AG006,ROCKET,HEARTBEAT,0,
FEED-00010,2026-06-20T12:00:00+06:00,AG001,BKASH,HEARTBEAT,0,
FEED-00038,2026-06-20T12:00:00+06:00,AG001,NAGAD,HEARTBEAT,0,
FEED-00066,2026-06-20T12:00:00+06:00,AG001,ROCKET,HEARTBEAT,0,
FEED-00094,2026-06-20T12:00:00+06:00,AG002,BKASH,HEARTBEAT,0,
FEED-00122,2026-06-20T12:00:00+06:00,AG002,NAGAD,HEARTBEAT,0,
FEED-00150,2026-06-20T12:00:00+06:00,AG002,ROCKET,HEARTBEAT,0,
FEED-00178,2026-06-20T12:00:00+06:00,AG003,BKASH,HEARTBEAT,0,
FEED-00206,2026-06-20T12:00:00+06:00,AG003,NAGAD,HEARTBEAT,0,
FEED-00234,2026-06-20T12:00:00+06:00,AG003,ROCKET,HEARTBEAT,0,
FEED-00262,2026-06-20T12:00:00+06:00,AG004,BKASH,HEARTBEAT,0,
FEED-00290,2026-06-20T12:00:00+06:00,AG004,NAGAD,HEARTBEAT,0,
FEED-00318,2026-06-20T12:00:00+06:00,AG004,ROCKET,HEARTBEAT,0,
FEED-00346,2026-06-20T12:00:00+06:00,AG005,BKASH,HEARTBEAT,0,
FEED-00374,2026-06-20T12:00:00+06:00,AG005,NAGAD,HEARTBEAT,0,
FEED-00402,2026-06-20T12:00:00+06:00,AG005,ROCKET,HEARTBEAT,0,
FEED-00428,2026-06-20T12:00:00+06:00,AG006,BKASH,HEARTBEAT,0,
FEED-00456,2026-06-20T12:00:00+06:00,AG006,NAGAD,HEARTBEAT,0,
FEED-00484,2026-06-20T12:00:00+06:00,AG006,ROCKET,HEARTBEAT,0,
FEED-00011,2026-06-20T12:20:00+06:00,AG001,BKASH,HEARTBEAT,0,
FEED-00039,2026-06-20T12:20:00+06:00,AG001,NAGAD,HEARTBEAT,0,
FEED-00067,2026-06-20T12:20:00+06:00,AG001,ROCKET,HEARTBEAT,0,
FEED-00095,2026-06-20T12:20:00+06:00,AG002,BKASH,HEARTBEAT,0,
FEED-00123,2026-06-20T12:20:00+06:00,AG002,NAGAD,HEARTBEAT,0,
FEED-00151,2026-06-20T12:20:00+06:00,AG002,ROCKET,HEARTBEAT,0,
FEED-00179,2026-06-20T12:20:00+06:00,AG003,BKASH,HEARTBEAT,0,
FEED-00207,2026-06-20T12:20:00+06:00,AG003,NAGAD,HEARTBEAT,0,
FEED-00235,2026-06-20T12:20:00+06:00,AG003,ROCKET,HEARTBEAT,0,
FEED-00263,2026-06-20T12:20:00+06:00,AG004,BKASH,HEARTBEAT,0,
FEED-00291,2026-06-20T12:20:00+06:00,AG004,NAGAD,HEARTBEAT,0,
FEED-00319,2026-06-20T12:20:00+06:00,AG004,ROCKET,HEARTBEAT,0,
FEED-00347,2026-06-20T12:20:00+06:00,AG005,BKASH,HEARTBEAT,0,
FEED-00375,2026-06-20T12:20:00+06:00,AG005,NAGAD,HEARTBEAT,0,
FEED-00403,2026-06-20T12:20:00+06:00,AG005,ROCKET,HEARTBEAT,0,
FEED-00429,2026-06-20T12:20:00+06:00,AG006,BKASH,HEARTBEAT,0,
FEED-00457,2026-06-20T12:20:00+06:00,AG006,NAGAD,HEARTBEAT,0,
FEED-00485,2026-06-20T12:20:00+06:00,AG006,ROCKET,HEARTBEAT,0,
FEED-00012,2026-06-20T12:40:00+06:00,AG001,BKASH,HEARTBEAT,0,
FEED-00040,2026-06-20T12:40:00+06:00,AG001,NAGAD,HEARTBEAT,0,
FEED-00068,2026-06-20T12:40:00+06:00,AG001,ROCKET,HEARTBEAT,0,
FEED-00096,2026-06-20T12:40:00+06:00,AG002,BKASH,HEARTBEAT,0,
FEED-00124,2026-06-20T12:40:00+06:00,AG002,NAGAD,HEARTBEAT,0,
FEED-00152,2026-06-20T12:40:00+06:00,AG002,ROCKET,HEARTBEAT,0,
FEED-00180,2026-06-20T12:40:00+06:00,AG003,BKASH,HEARTBEAT,0,
FEED-00208,2026-06-20T12:40:00+06:00,AG003,NAGAD,HEARTBEAT,0,
FEED-00236,2026-06-20T12:40:00+06:00,AG003,ROCKET,HEARTBEAT,0,
FEED-00264,2026-06-20T12:40:00+06:00,AG004,BKASH,HEARTBEAT,0,
FEED-00292,2026-06-20T12:40:00+06:00,AG004,NAGAD,HEARTBEAT,0,
FEED-00320,2026-06-20T12:40:00+06:00,AG004,ROCKET,HEARTBEAT,0,
FEED-00348,2026-06-20T12:40:00+06:00,AG005,BKASH,HEARTBEAT,0,
FEED-00376,2026-06-20T12:40:00+06:00,AG005,NAGAD,HEARTBEAT,0,
FEED-00404,2026-06-20T12:40:00+06:00,AG005,ROCKET,HEARTBEAT,0,
FEED-00430,2026-06-20T12:40:00+06:00,AG006,BKASH,HEARTBEAT,0,
FEED-00458,2026-06-20T12:40:00+06:00,AG006,NAGAD,HEARTBEAT,0,
FEED-00486,2026-06-20T12:40:00+06:00,AG006,ROCKET,HEARTBEAT,0,
FEED-00013,2026-06-20T13:00:00+06:00,AG001,BKASH,HEARTBEAT,0,
FEED-00041,2026-06-20T13:00:00+06:00,AG001,NAGAD,HEARTBEAT,0,
FEED-00069,2026-06-20T13:00:00+06:00,AG001,ROCKET,HEARTBEAT,0,
FEED-00097,2026-06-20T13:00:00+06:00,AG002,BKASH,HEARTBEAT,0,
FEED-00125,2026-06-20T13:00:00+06:00,AG002,NAGAD,HEARTBEAT,0,
FEED-00153,2026-06-20T13:00:00+06:00,AG002,ROCKET,HEARTBEAT,0,
FEED-00181,2026-06-20T13:00:00+06:00,AG003,BKASH,HEARTBEAT,0,
FEED-00209,2026-06-20T13:00:00+06:00,AG003,NAGAD,HEARTBEAT,0,
FEED-00237,2026-06-20T13:00:00+06:00,AG003,ROCKET,HEARTBEAT,0,
FEED-00265,2026-06-20T13:00:00+06:00,AG004,BKASH,HEARTBEAT,0,
FEED-00293,2026-06-20T13:00:00+06:00,AG004,NAGAD,HEARTBEAT,0,
FEED-00321,2026-06-20T13:00:00+06:00,AG004,ROCKET,HEARTBEAT,0,
FEED-00349,2026-06-20T13:00:00+06:00,AG005,BKASH,HEARTBEAT,0,
FEED-00377,2026-06-20T13:00:00+06:00,AG005,NAGAD,HEARTBEAT,0,
FEED-00431,2026-06-20T13:00:00+06:00,AG006,BKASH,HEARTBEAT,0,
FEED-00459,2026-06-20T13:00:00+06:00,AG006,NAGAD,HEARTBEAT,0,
FEED-00487,2026-06-20T13:00:00+06:00,AG006,ROCKET,HEARTBEAT,0,
FEED-00503,2026-06-20T13:00:00+06:00,AG005,ROCKET,FEED_DELAY,35,
FEED-00014,2026-06-20T13:20:00+06:00,AG001,BKASH,HEARTBEAT,0,
FEED-00042,2026-06-20T13:20:00+06:00,AG001,NAGAD,HEARTBEAT,0,
FEED-00070,2026-06-20T13:20:00+06:00,AG001,ROCKET,HEARTBEAT,0,
FEED-00098,2026-06-20T13:20:00+06:00,AG002,BKASH,HEARTBEAT,0,
FEED-00126,2026-06-20T13:20:00+06:00,AG002,NAGAD,HEARTBEAT,0,
FEED-00154,2026-06-20T13:20:00+06:00,AG002,ROCKET,HEARTBEAT,0,
FEED-00182,2026-06-20T13:20:00+06:00,AG003,BKASH,HEARTBEAT,0,
FEED-00210,2026-06-20T13:20:00+06:00,AG003,NAGAD,HEARTBEAT,0,
FEED-00238,2026-06-20T13:20:00+06:00,AG003,ROCKET,HEARTBEAT,0,
FEED-00266,2026-06-20T13:20:00+06:00,AG004,BKASH,HEARTBEAT,0,
FEED-00294,2026-06-20T13:20:00+06:00,AG004,NAGAD,HEARTBEAT,0,
FEED-00322,2026-06-20T13:20:00+06:00,AG004,ROCKET,HEARTBEAT,0,
FEED-00350,2026-06-20T13:20:00+06:00,AG005,BKASH,HEARTBEAT,0,
FEED-00378,2026-06-20T13:20:00+06:00,AG005,NAGAD,HEARTBEAT,0,
FEED-00432,2026-06-20T13:20:00+06:00,AG006,BKASH,HEARTBEAT,0,
FEED-00460,2026-06-20T13:20:00+06:00,AG006,NAGAD,HEARTBEAT,0,
FEED-00488,2026-06-20T13:20:00+06:00,AG006,ROCKET,HEARTBEAT,0,
FEED-00015,2026-06-20T13:40:00+06:00,AG001,BKASH,HEARTBEAT,0,
FEED-00043,2026-06-20T13:40:00+06:00,AG001,NAGAD,HEARTBEAT,0,
FEED-00071,2026-06-20T13:40:00+06:00,AG001,ROCKET,HEARTBEAT,0,
FEED-00099,2026-06-20T13:40:00+06:00,AG002,BKASH,HEARTBEAT,0,
FEED-00127,2026-06-20T13:40:00+06:00,AG002,NAGAD,HEARTBEAT,0,
FEED-00155,2026-06-20T13:40:00+06:00,AG002,ROCKET,HEARTBEAT,0,
FEED-00183,2026-06-20T13:40:00+06:00,AG003,BKASH,HEARTBEAT,0,
FEED-00211,2026-06-20T13:40:00+06:00,AG003,NAGAD,HEARTBEAT,0,
FEED-00239,2026-06-20T13:40:00+06:00,AG003,ROCKET,HEARTBEAT,0,
FEED-00267,2026-06-20T13:40:00+06:00,AG004,BKASH,HEARTBEAT,0,
FEED-00295,2026-06-20T13:40:00+06:00,AG004,NAGAD,HEARTBEAT,0,
FEED-00323,2026-06-20T13:40:00+06:00,AG004,ROCKET,HEARTBEAT,0,
FEED-00351,2026-06-20T13:40:00+06:00,AG005,BKASH,HEARTBEAT,0,
FEED-00379,2026-06-20T13:40:00+06:00,AG005,NAGAD,HEARTBEAT,0,
FEED-00405,2026-06-20T13:40:00+06:00,AG005,ROCKET,HEARTBEAT,0,
FEED-00433,2026-06-20T13:40:00+06:00,AG006,BKASH,HEARTBEAT,0,
FEED-00461,2026-06-20T13:40:00+06:00,AG006,NAGAD,HEARTBEAT,0,
FEED-00489,2026-06-20T13:40:00+06:00,AG006,ROCKET,HEARTBEAT,0,
FEED-00504,2026-06-20T13:40:00+06:00,AG005,ROCKET,FEED_RECOVERED,0,
FEED-00016,2026-06-20T14:00:00+06:00,AG001,BKASH,HEARTBEAT,0,
FEED-00044,2026-06-20T14:00:00+06:00,AG001,NAGAD,HEARTBEAT,0,
FEED-00072,2026-06-20T14:00:00+06:00,AG001,ROCKET,HEARTBEAT,0,
FEED-00100,2026-06-20T14:00:00+06:00,AG002,BKASH,HEARTBEAT,0,
FEED-00128,2026-06-20T14:00:00+06:00,AG002,NAGAD,HEARTBEAT,0,
FEED-00156,2026-06-20T14:00:00+06:00,AG002,ROCKET,HEARTBEAT,0,
FEED-00184,2026-06-20T14:00:00+06:00,AG003,BKASH,HEARTBEAT,0,
FEED-00212,2026-06-20T14:00:00+06:00,AG003,NAGAD,HEARTBEAT,0,
FEED-00240,2026-06-20T14:00:00+06:00,AG003,ROCKET,HEARTBEAT,0,
FEED-00268,2026-06-20T14:00:00+06:00,AG004,BKASH,HEARTBEAT,0,
FEED-00296,2026-06-20T14:00:00+06:00,AG004,NAGAD,HEARTBEAT,0,
FEED-00324,2026-06-20T14:00:00+06:00,AG004,ROCKET,HEARTBEAT,0,
FEED-00352,2026-06-20T14:00:00+06:00,AG005,BKASH,HEARTBEAT,0,
FEED-00380,2026-06-20T14:00:00+06:00,AG005,NAGAD,HEARTBEAT,0,
FEED-00406,2026-06-20T14:00:00+06:00,AG005,ROCKET,HEARTBEAT,0,
FEED-00434,2026-06-20T14:00:00+06:00,AG006,BKASH,HEARTBEAT,0,
FEED-00462,2026-06-20T14:00:00+06:00,AG006,NAGAD,HEARTBEAT,0,
FEED-00490,2026-06-20T14:00:00+06:00,AG006,ROCKET,HEARTBEAT,0,
FEED-00017,2026-06-20T14:20:00+06:00,AG001,BKASH,HEARTBEAT,0,
FEED-00045,2026-06-20T14:20:00+06:00,AG001,NAGAD,HEARTBEAT,0,
FEED-00073,2026-06-20T14:20:00+06:00,AG001,ROCKET,HEARTBEAT,0,
FEED-00101,2026-06-20T14:20:00+06:00,AG002,BKASH,HEARTBEAT,0,
FEED-00129,2026-06-20T14:20:00+06:00,AG002,NAGAD,HEARTBEAT,0,
FEED-00157,2026-06-20T14:20:00+06:00,AG002,ROCKET,HEARTBEAT,0,
FEED-00185,2026-06-20T14:20:00+06:00,AG003,BKASH,HEARTBEAT,0,
FEED-00213,2026-06-20T14:20:00+06:00,AG003,NAGAD,HEARTBEAT,0,
FEED-00241,2026-06-20T14:20:00+06:00,AG003,ROCKET,HEARTBEAT,0,
FEED-00269,2026-06-20T14:20:00+06:00,AG004,BKASH,HEARTBEAT,0,
FEED-00297,2026-06-20T14:20:00+06:00,AG004,NAGAD,HEARTBEAT,0,
FEED-00325,2026-06-20T14:20:00+06:00,AG004,ROCKET,HEARTBEAT,0,
FEED-00353,2026-06-20T14:20:00+06:00,AG005,BKASH,HEARTBEAT,0,
FEED-00381,2026-06-20T14:20:00+06:00,AG005,NAGAD,HEARTBEAT,0,
FEED-00407,2026-06-20T14:20:00+06:00,AG005,ROCKET,HEARTBEAT,0,
FEED-00435,2026-06-20T14:20:00+06:00,AG006,BKASH,HEARTBEAT,0,
FEED-00463,2026-06-20T14:20:00+06:00,AG006,NAGAD,HEARTBEAT,0,
FEED-00491,2026-06-20T14:20:00+06:00,AG006,ROCKET,HEARTBEAT,0,
FEED-00018,2026-06-20T14:40:00+06:00,AG001,BKASH,HEARTBEAT,0,
FEED-00046,2026-06-20T14:40:00+06:00,AG001,NAGAD,HEARTBEAT,0,
FEED-00074,2026-06-20T14:40:00+06:00,AG001,ROCKET,HEARTBEAT,0,
FEED-00102,2026-06-20T14:40:00+06:00,AG002,BKASH,HEARTBEAT,0,
FEED-00130,2026-06-20T14:40:00+06:00,AG002,NAGAD,HEARTBEAT,0,
FEED-00158,2026-06-20T14:40:00+06:00,AG002,ROCKET,HEARTBEAT,0,
FEED-00186,2026-06-20T14:40:00+06:00,AG003,BKASH,HEARTBEAT,0,
FEED-00214,2026-06-20T14:40:00+06:00,AG003,NAGAD,HEARTBEAT,0,
FEED-00242,2026-06-20T14:40:00+06:00,AG003,ROCKET,HEARTBEAT,0,
FEED-00270,2026-06-20T14:40:00+06:00,AG004,BKASH,HEARTBEAT,0,
FEED-00298,2026-06-20T14:40:00+06:00,AG004,NAGAD,HEARTBEAT,0,
FEED-00326,2026-06-20T14:40:00+06:00,AG004,ROCKET,HEARTBEAT,0,
FEED-00354,2026-06-20T14:40:00+06:00,AG005,BKASH,HEARTBEAT,0,
FEED-00382,2026-06-20T14:40:00+06:00,AG005,NAGAD,HEARTBEAT,0,
FEED-00408,2026-06-20T14:40:00+06:00,AG005,ROCKET,HEARTBEAT,0,
FEED-00436,2026-06-20T14:40:00+06:00,AG006,BKASH,HEARTBEAT,0,
FEED-00464,2026-06-20T14:40:00+06:00,AG006,NAGAD,HEARTBEAT,0,
FEED-00492,2026-06-20T14:40:00+06:00,AG006,ROCKET,HEARTBEAT,0,
FEED-00019,2026-06-20T15:00:00+06:00,AG001,BKASH,HEARTBEAT,0,
FEED-00047,2026-06-20T15:00:00+06:00,AG001,NAGAD,HEARTBEAT,0,
FEED-00075,2026-06-20T15:00:00+06:00,AG001,ROCKET,HEARTBEAT,0,
FEED-00103,2026-06-20T15:00:00+06:00,AG002,BKASH,HEARTBEAT,0,
FEED-00131,2026-06-20T15:00:00+06:00,AG002,NAGAD,HEARTBEAT,0,
FEED-00159,2026-06-20T15:00:00+06:00,AG002,ROCKET,HEARTBEAT,0,
FEED-00187,2026-06-20T15:00:00+06:00,AG003,BKASH,HEARTBEAT,0,
FEED-00215,2026-06-20T15:00:00+06:00,AG003,NAGAD,HEARTBEAT,0,
FEED-00243,2026-06-20T15:00:00+06:00,AG003,ROCKET,HEARTBEAT,0,
FEED-00271,2026-06-20T15:00:00+06:00,AG004,BKASH,HEARTBEAT,0,
FEED-00299,2026-06-20T15:00:00+06:00,AG004,NAGAD,HEARTBEAT,0,
FEED-00327,2026-06-20T15:00:00+06:00,AG004,ROCKET,HEARTBEAT,0,
FEED-00355,2026-06-20T15:00:00+06:00,AG005,BKASH,HEARTBEAT,0,
FEED-00383,2026-06-20T15:00:00+06:00,AG005,NAGAD,HEARTBEAT,0,
FEED-00409,2026-06-20T15:00:00+06:00,AG005,ROCKET,HEARTBEAT,0,
FEED-00437,2026-06-20T15:00:00+06:00,AG006,BKASH,HEARTBEAT,0,
FEED-00465,2026-06-20T15:00:00+06:00,AG006,NAGAD,HEARTBEAT,0,
FEED-00493,2026-06-20T15:00:00+06:00,AG006,ROCKET,HEARTBEAT,0,
FEED-00020,2026-06-20T15:20:00+06:00,AG001,BKASH,HEARTBEAT,0,
FEED-00048,2026-06-20T15:20:00+06:00,AG001,NAGAD,HEARTBEAT,0,
FEED-00076,2026-06-20T15:20:00+06:00,AG001,ROCKET,HEARTBEAT,0,
FEED-00104,2026-06-20T15:20:00+06:00,AG002,BKASH,HEARTBEAT,0,
FEED-00132,2026-06-20T15:20:00+06:00,AG002,NAGAD,HEARTBEAT,0,
FEED-00160,2026-06-20T15:20:00+06:00,AG002,ROCKET,HEARTBEAT,0,
FEED-00188,2026-06-20T15:20:00+06:00,AG003,BKASH,HEARTBEAT,0,
FEED-00216,2026-06-20T15:20:00+06:00,AG003,NAGAD,HEARTBEAT,0,
FEED-00244,2026-06-20T15:20:00+06:00,AG003,ROCKET,HEARTBEAT,0,
FEED-00272,2026-06-20T15:20:00+06:00,AG004,BKASH,HEARTBEAT,0,
FEED-00300,2026-06-20T15:20:00+06:00,AG004,NAGAD,HEARTBEAT,0,
FEED-00328,2026-06-20T15:20:00+06:00,AG004,ROCKET,HEARTBEAT,0,
FEED-00356,2026-06-20T15:20:00+06:00,AG005,BKASH,HEARTBEAT,0,
FEED-00384,2026-06-20T15:20:00+06:00,AG005,NAGAD,HEARTBEAT,0,
FEED-00410,2026-06-20T15:20:00+06:00,AG005,ROCKET,HEARTBEAT,0,
FEED-00438,2026-06-20T15:20:00+06:00,AG006,BKASH,HEARTBEAT,0,
FEED-00466,2026-06-20T15:20:00+06:00,AG006,NAGAD,HEARTBEAT,0,
FEED-00494,2026-06-20T15:20:00+06:00,AG006,ROCKET,HEARTBEAT,0,
FEED-00021,2026-06-20T15:40:00+06:00,AG001,BKASH,HEARTBEAT,0,
FEED-00049,2026-06-20T15:40:00+06:00,AG001,NAGAD,HEARTBEAT,0,
FEED-00077,2026-06-20T15:40:00+06:00,AG001,ROCKET,HEARTBEAT,0,
FEED-00105,2026-06-20T15:40:00+06:00,AG002,BKASH,HEARTBEAT,0,
FEED-00133,2026-06-20T15:40:00+06:00,AG002,NAGAD,HEARTBEAT,0,
FEED-00161,2026-06-20T15:40:00+06:00,AG002,ROCKET,HEARTBEAT,0,
FEED-00189,2026-06-20T15:40:00+06:00,AG003,BKASH,HEARTBEAT,0,
FEED-00217,2026-06-20T15:40:00+06:00,AG003,NAGAD,HEARTBEAT,0,
FEED-00245,2026-06-20T15:40:00+06:00,AG003,ROCKET,HEARTBEAT,0,
FEED-00273,2026-06-20T15:40:00+06:00,AG004,BKASH,HEARTBEAT,0,
FEED-00301,2026-06-20T15:40:00+06:00,AG004,NAGAD,HEARTBEAT,0,
FEED-00329,2026-06-20T15:40:00+06:00,AG004,ROCKET,HEARTBEAT,0,
FEED-00357,2026-06-20T15:40:00+06:00,AG005,BKASH,HEARTBEAT,0,
FEED-00385,2026-06-20T15:40:00+06:00,AG005,NAGAD,HEARTBEAT,0,
FEED-00411,2026-06-20T15:40:00+06:00,AG005,ROCKET,HEARTBEAT,0,
FEED-00439,2026-06-20T15:40:00+06:00,AG006,BKASH,HEARTBEAT,0,
FEED-00467,2026-06-20T15:40:00+06:00,AG006,NAGAD,HEARTBEAT,0,
FEED-00495,2026-06-20T15:40:00+06:00,AG006,ROCKET,HEARTBEAT,0,
FEED-00022,2026-06-20T16:00:00+06:00,AG001,BKASH,HEARTBEAT,0,
FEED-00050,2026-06-20T16:00:00+06:00,AG001,NAGAD,HEARTBEAT,0,
FEED-00078,2026-06-20T16:00:00+06:00,AG001,ROCKET,HEARTBEAT,0,
FEED-00106,2026-06-20T16:00:00+06:00,AG002,BKASH,HEARTBEAT,0,
FEED-00134,2026-06-20T16:00:00+06:00,AG002,NAGAD,HEARTBEAT,0,
FEED-00162,2026-06-20T16:00:00+06:00,AG002,ROCKET,HEARTBEAT,0,
FEED-00190,2026-06-20T16:00:00+06:00,AG003,BKASH,HEARTBEAT,0,
FEED-00218,2026-06-20T16:00:00+06:00,AG003,NAGAD,HEARTBEAT,0,
FEED-00246,2026-06-20T16:00:00+06:00,AG003,ROCKET,HEARTBEAT,0,
FEED-00274,2026-06-20T16:00:00+06:00,AG004,BKASH,HEARTBEAT,0,
FEED-00302,2026-06-20T16:00:00+06:00,AG004,NAGAD,HEARTBEAT,0,
FEED-00330,2026-06-20T16:00:00+06:00,AG004,ROCKET,HEARTBEAT,0,
FEED-00358,2026-06-20T16:00:00+06:00,AG005,BKASH,HEARTBEAT,0,
FEED-00386,2026-06-20T16:00:00+06:00,AG005,NAGAD,HEARTBEAT,0,
FEED-00412,2026-06-20T16:00:00+06:00,AG005,ROCKET,HEARTBEAT,0,
FEED-00440,2026-06-20T16:00:00+06:00,AG006,BKASH,HEARTBEAT,0,
FEED-00468,2026-06-20T16:00:00+06:00,AG006,NAGAD,HEARTBEAT,0,
FEED-00496,2026-06-20T16:00:00+06:00,AG006,ROCKET,HEARTBEAT,0,
FEED-00505,2026-06-20T16:00:00+06:00,AG006,BKASH,BALANCE_CONFLICT,0,82500
FEED-00023,2026-06-20T16:20:00+06:00,AG001,BKASH,HEARTBEAT,0,
FEED-00051,2026-06-20T16:20:00+06:00,AG001,NAGAD,HEARTBEAT,0,
FEED-00079,2026-06-20T16:20:00+06:00,AG001,ROCKET,HEARTBEAT,0,
FEED-00107,2026-06-20T16:20:00+06:00,AG002,BKASH,HEARTBEAT,0,
FEED-00135,2026-06-20T16:20:00+06:00,AG002,NAGAD,HEARTBEAT,0,
FEED-00163,2026-06-20T16:20:00+06:00,AG002,ROCKET,HEARTBEAT,0,
FEED-00191,2026-06-20T16:20:00+06:00,AG003,BKASH,HEARTBEAT,0,
FEED-00219,2026-06-20T16:20:00+06:00,AG003,NAGAD,HEARTBEAT,0,
FEED-00247,2026-06-20T16:20:00+06:00,AG003,ROCKET,HEARTBEAT,0,
FEED-00275,2026-06-20T16:20:00+06:00,AG004,BKASH,HEARTBEAT,0,
FEED-00303,2026-06-20T16:20:00+06:00,AG004,NAGAD,HEARTBEAT,0,
FEED-00331,2026-06-20T16:20:00+06:00,AG004,ROCKET,HEARTBEAT,0,
FEED-00359,2026-06-20T16:20:00+06:00,AG005,BKASH,HEARTBEAT,0,
FEED-00387,2026-06-20T16:20:00+06:00,AG005,NAGAD,HEARTBEAT,0,
FEED-00413,2026-06-20T16:20:00+06:00,AG005,ROCKET,HEARTBEAT,0,
FEED-00441,2026-06-20T16:20:00+06:00,AG006,BKASH,HEARTBEAT,0,
FEED-00469,2026-06-20T16:20:00+06:00,AG006,NAGAD,HEARTBEAT,0,
FEED-00497,2026-06-20T16:20:00+06:00,AG006,ROCKET,HEARTBEAT,0,
FEED-00024,2026-06-20T16:40:00+06:00,AG001,BKASH,HEARTBEAT,0,
FEED-00052,2026-06-20T16:40:00+06:00,AG001,NAGAD,HEARTBEAT,0,
FEED-00080,2026-06-20T16:40:00+06:00,AG001,ROCKET,HEARTBEAT,0,
FEED-00108,2026-06-20T16:40:00+06:00,AG002,BKASH,HEARTBEAT,0,
FEED-00136,2026-06-20T16:40:00+06:00,AG002,NAGAD,HEARTBEAT,0,
FEED-00164,2026-06-20T16:40:00+06:00,AG002,ROCKET,HEARTBEAT,0,
FEED-00192,2026-06-20T16:40:00+06:00,AG003,BKASH,HEARTBEAT,0,
FEED-00220,2026-06-20T16:40:00+06:00,AG003,NAGAD,HEARTBEAT,0,
FEED-00248,2026-06-20T16:40:00+06:00,AG003,ROCKET,HEARTBEAT,0,
FEED-00276,2026-06-20T16:40:00+06:00,AG004,BKASH,HEARTBEAT,0,
FEED-00304,2026-06-20T16:40:00+06:00,AG004,NAGAD,HEARTBEAT,0,
FEED-00332,2026-06-20T16:40:00+06:00,AG004,ROCKET,HEARTBEAT,0,
FEED-00360,2026-06-20T16:40:00+06:00,AG005,BKASH,HEARTBEAT,0,
FEED-00388,2026-06-20T16:40:00+06:00,AG005,NAGAD,HEARTBEAT,0,
FEED-00414,2026-06-20T16:40:00+06:00,AG005,ROCKET,HEARTBEAT,0,
FEED-00442,2026-06-20T16:40:00+06:00,AG006,BKASH,HEARTBEAT,0,
FEED-00470,2026-06-20T16:40:00+06:00,AG006,NAGAD,HEARTBEAT,0,
FEED-00498,2026-06-20T16:40:00+06:00,AG006,ROCKET,HEARTBEAT,0,
FEED-00025,2026-06-20T17:00:00+06:00,AG001,BKASH,HEARTBEAT,0,
FEED-00053,2026-06-20T17:00:00+06:00,AG001,NAGAD,HEARTBEAT,0,
FEED-00081,2026-06-20T17:00:00+06:00,AG001,ROCKET,HEARTBEAT,0,
FEED-00109,2026-06-20T17:00:00+06:00,AG002,BKASH,HEARTBEAT,0,
FEED-00137,2026-06-20T17:00:00+06:00,AG002,NAGAD,HEARTBEAT,0,
FEED-00165,2026-06-20T17:00:00+06:00,AG002,ROCKET,HEARTBEAT,0,
FEED-00193,2026-06-20T17:00:00+06:00,AG003,BKASH,HEARTBEAT,0,
FEED-00221,2026-06-20T17:00:00+06:00,AG003,NAGAD,HEARTBEAT,0,
FEED-00249,2026-06-20T17:00:00+06:00,AG003,ROCKET,HEARTBEAT,0,
FEED-00277,2026-06-20T17:00:00+06:00,AG004,BKASH,HEARTBEAT,0,
FEED-00305,2026-06-20T17:00:00+06:00,AG004,NAGAD,HEARTBEAT,0,
FEED-00333,2026-06-20T17:00:00+06:00,AG004,ROCKET,HEARTBEAT,0,
FEED-00361,2026-06-20T17:00:00+06:00,AG005,BKASH,HEARTBEAT,0,
FEED-00389,2026-06-20T17:00:00+06:00,AG005,NAGAD,HEARTBEAT,0,
FEED-00415,2026-06-20T17:00:00+06:00,AG005,ROCKET,HEARTBEAT,0,
FEED-00443,2026-06-20T17:00:00+06:00,AG006,BKASH,HEARTBEAT,0,
FEED-00471,2026-06-20T17:00:00+06:00,AG006,NAGAD,HEARTBEAT,0,
FEED-00499,2026-06-20T17:00:00+06:00,AG006,ROCKET,HEARTBEAT,0,
FEED-00026,2026-06-20T17:20:00+06:00,AG001,BKASH,HEARTBEAT,0,
FEED-00054,2026-06-20T17:20:00+06:00,AG001,NAGAD,HEARTBEAT,0,
FEED-00082,2026-06-20T17:20:00+06:00,AG001,ROCKET,HEARTBEAT,0,
FEED-00110,2026-06-20T17:20:00+06:00,AG002,BKASH,HEARTBEAT,0,
FEED-00138,2026-06-20T17:20:00+06:00,AG002,NAGAD,HEARTBEAT,0,
FEED-00166,2026-06-20T17:20:00+06:00,AG002,ROCKET,HEARTBEAT,0,
FEED-00194,2026-06-20T17:20:00+06:00,AG003,BKASH,HEARTBEAT,0,
FEED-00222,2026-06-20T17:20:00+06:00,AG003,NAGAD,HEARTBEAT,0,
FEED-00250,2026-06-20T17:20:00+06:00,AG003,ROCKET,HEARTBEAT,0,
FEED-00278,2026-06-20T17:20:00+06:00,AG004,BKASH,HEARTBEAT,0,
FEED-00306,2026-06-20T17:20:00+06:00,AG004,NAGAD,HEARTBEAT,0,
FEED-00334,2026-06-20T17:20:00+06:00,AG004,ROCKET,HEARTBEAT,0,
FEED-00362,2026-06-20T17:20:00+06:00,AG005,BKASH,HEARTBEAT,0,
FEED-00390,2026-06-20T17:20:00+06:00,AG005,NAGAD,HEARTBEAT,0,
FEED-00416,2026-06-20T17:20:00+06:00,AG005,ROCKET,HEARTBEAT,0,
FEED-00444,2026-06-20T17:20:00+06:00,AG006,BKASH,HEARTBEAT,0,
FEED-00472,2026-06-20T17:20:00+06:00,AG006,NAGAD,HEARTBEAT,0,
FEED-00500,2026-06-20T17:20:00+06:00,AG006,ROCKET,HEARTBEAT,0,
FEED-00027,2026-06-20T17:40:00+06:00,AG001,BKASH,HEARTBEAT,0,
FEED-00055,2026-06-20T17:40:00+06:00,AG001,NAGAD,HEARTBEAT,0,
FEED-00083,2026-06-20T17:40:00+06:00,AG001,ROCKET,HEARTBEAT,0,
FEED-00111,2026-06-20T17:40:00+06:00,AG002,BKASH,HEARTBEAT,0,
FEED-00139,2026-06-20T17:40:00+06:00,AG002,NAGAD,HEARTBEAT,0,
FEED-00167,2026-06-20T17:40:00+06:00,AG002,ROCKET,HEARTBEAT,0,
FEED-00195,2026-06-20T17:40:00+06:00,AG003,BKASH,HEARTBEAT,0,
FEED-00223,2026-06-20T17:40:00+06:00,AG003,NAGAD,HEARTBEAT,0,
FEED-00251,2026-06-20T17:40:00+06:00,AG003,ROCKET,HEARTBEAT,0,
FEED-00279,2026-06-20T17:40:00+06:00,AG004,BKASH,HEARTBEAT,0,
FEED-00307,2026-06-20T17:40:00+06:00,AG004,NAGAD,HEARTBEAT,0,
FEED-00335,2026-06-20T17:40:00+06:00,AG004,ROCKET,HEARTBEAT,0,
FEED-00363,2026-06-20T17:40:00+06:00,AG005,BKASH,HEARTBEAT,0,
FEED-00391,2026-06-20T17:40:00+06:00,AG005,NAGAD,HEARTBEAT,0,
FEED-00417,2026-06-20T17:40:00+06:00,AG005,ROCKET,HEARTBEAT,0,
FEED-00445,2026-06-20T17:40:00+06:00,AG006,BKASH,HEARTBEAT,0,
FEED-00473,2026-06-20T17:40:00+06:00,AG006,NAGAD,HEARTBEAT,0,
FEED-00501,2026-06-20T17:40:00+06:00,AG006,ROCKET,HEARTBEAT,0,
FEED-00028,2026-06-20T18:00:00+06:00,AG001,BKASH,HEARTBEAT,0,
FEED-00056,2026-06-20T18:00:00+06:00,AG001,NAGAD,HEARTBEAT,0,
FEED-00084,2026-06-20T18:00:00+06:00,AG001,ROCKET,HEARTBEAT,0,
FEED-00112,2026-06-20T18:00:00+06:00,AG002,BKASH,HEARTBEAT,0,
FEED-00140,2026-06-20T18:00:00+06:00,AG002,NAGAD,HEARTBEAT,0,
FEED-00168,2026-06-20T18:00:00+06:00,AG002,ROCKET,HEARTBEAT,0,
FEED-00196,2026-06-20T18:00:00+06:00,AG003,BKASH,HEARTBEAT,0,
FEED-00224,2026-06-20T18:00:00+06:00,AG003,NAGAD,HEARTBEAT,0,
FEED-00252,2026-06-20T18:00:00+06:00,AG003,ROCKET,HEARTBEAT,0,
FEED-00280,2026-06-20T18:00:00+06:00,AG004,BKASH,HEARTBEAT,0,
FEED-00308,2026-06-20T18:00:00+06:00,AG004,NAGAD,HEARTBEAT,0,
FEED-00336,2026-06-20T18:00:00+06:00,AG004,ROCKET,HEARTBEAT,0,
FEED-00364,2026-06-20T18:00:00+06:00,AG005,BKASH,HEARTBEAT,0,
FEED-00392,2026-06-20T18:00:00+06:00,AG005,NAGAD,HEARTBEAT,0,
FEED-00418,2026-06-20T18:00:00+06:00,AG005,ROCKET,HEARTBEAT,0,
FEED-00446,2026-06-20T18:00:00+06:00,AG006,BKASH,HEARTBEAT,0,
FEED-00474,2026-06-20T18:00:00+06:00,AG006,NAGAD,HEARTBEAT,0,
FEED-00502,2026-06-20T18:00:00+06:00,AG006,ROCKET,HEARTBEAT,0,
